plot_id,tree_id,species,ba
TKW_1,TKW_1_1,Combretum apiculatum,0.002463009
TKW_1,TKW_1_10,Lannea schweinfurthii,0.028952918
TKW_1,TKW_1_100,Aganope stuhlmannii,0.036983614
TKW_1,TKW_1_101,Aganope stuhlmannii,0.019855651
TKW_1,TKW_1_102,Combretum apiculatum,0.05599025
TKW_1,TKW_1_103,Combretum apiculatum,0.024279799
TKW_1,TKW_1_104,Burkea africana,0.084496276
TKW_1,TKW_1_105,Margaritaria discoidea,0.004417865
TKW_1,TKW_1_106,Aganope stuhlmannii,0.051070516
TKW_1,TKW_1_108,Aganope stuhlmannii,0.124410211
TKW_1,TKW_1_11,Combretum apiculatum,0.005944679
TKW_1,TKW_1_110,Burkea africana,0.128824934
TKW_1,TKW_1_111,Combretum apiculatum,0.025999821
TKW_1,TKW_1_112,Senegalia polyacantha,0.020358306
TKW_1,TKW_1_113,Aganope stuhlmannii,0.231573863
TKW_1,TKW_1_116,Combretum apiculatum,0.043373614
TKW_1,TKW_1_117,Diplorhynchus condylocarpon,0.069588633
TKW_1,TKW_1_118,Margaritaria discoidea,0.007238229
TKW_1,TKW_1_119,Margaritaria discoidea,0.005410608
TKW_1,TKW_1_12,Diplorhynchus condylocarpon,0.047190649
TKW_1,TKW_1_121,Combretum apiculatum,0.042243426
TKW_1,TKW_1_122,Combretum apiculatum,0.105964349
TKW_1,TKW_1_123,Combretum apiculatum,0.005281017
TKW_1,TKW_1_124,Combretum apiculatum,0.004778362
TKW_1,TKW_1_125,Combretum apiculatum,0.062871908
TKW_1,TKW_1_13,Combretum apiculatum,0.026015529
TKW_1,TKW_1_130,Bridelia scleroneura,0.015614501
TKW_1,TKW_1_132,Combretum apiculatum,0.014741138
TKW_1,TKW_1_134,Diplorhynchus condylocarpon,0.067600791
TKW_1,TKW_1_135,Combretum apiculatum,0.015614501
TKW_1,TKW_1_136,Combretum apiculatum,0.013069811
TKW_1,TKW_1_137,Pseudolachnostylis maprouneifolia,0.093482016
TKW_1,TKW_1_139,Julbernardia paniculata,0.3848451
TKW_1,TKW_1_14,Aganope stuhlmannii,0.016512996
TKW_1,TKW_1_140,Combretum apiculatum,0.005944679
TKW_1,TKW_1_141,Julbernardia globiflora,0.237582944
TKW_1,TKW_1_143,Aganope stuhlmannii,0.010935884
TKW_1,TKW_1_144,Aganope stuhlmannii,0.005026548
TKW_1,TKW_1_145,Julbernardia globiflora,0.159043128
TKW_1,TKW_1_148,Aganope stuhlmannii,0.021124069
TKW_1,TKW_1_149,Margaritaria discoidea,0.002123717
TKW_1,TKW_1_15,Aganope stuhlmannii,0.064692461
TKW_1,TKW_1_150,Pseudolachnostylis maprouneifolia,0.111627856
TKW_1,TKW_1_151,Julbernardia globiflora,0.201090204
TKW_1,TKW_1_152,Croton dichogamus,0.003421194
TKW_1,TKW_1_153,Senegalia polyacantha,0.003117245
TKW_1,TKW_1_154,Combretum apiculatum,0.003631681
TKW_1,TKW_1_155,Diplorhynchus condylocarpon,0.006503882
TKW_1,TKW_1_156,Aganope stuhlmannii,0.006792909
TKW_1,TKW_1_157,Combretum apiculatum,0.038290517
TKW_1,TKW_1_159,Aganope stuhlmannii,0.00664761
TKW_1,TKW_1_16,Combretum apiculatum,0.031730871
TKW_1,TKW_1_160,Combretum apiculatum,0.002827433
TKW_1,TKW_1_161,Aganope stuhlmannii,0.015836769
TKW_1,TKW_1_162,Combretum apiculatum,0.003631681
TKW_1,TKW_1_163,Margaritaria discoidea,0.005152997
TKW_1,TKW_1_164,Margaritaria discoidea,0.005674502
TKW_1,TKW_1_165,Margaritaria discoidea,0.003019071
TKW_1,TKW_1_167,Combretum apiculatum,0.045378735
TKW_1,TKW_1_169,Combretum apiculatum,0.049087385
TKW_1,TKW_1_17,Combretum apiculatum,0.042836401
TKW_1,TKW_1_170,Diplorhynchus condylocarpon,0.002375829
TKW_1,TKW_1_171,Julbernardia globiflora,0.195564928
TKW_1,TKW_1_173,Markhamia obtusifolia,0.003318307
TKW_1,TKW_1_174,Markhamia obtusifolia,0.002206183
TKW_1,TKW_1_177,Multidentia crassa,0.005152997
TKW_1,TKW_1_178,Aganope stuhlmannii,0.061136178
TKW_1,TKW_1_179,Combretum apiculatum,0.004185387
TKW_1,TKW_1_18,Combretum apiculatum,0.064174099
TKW_1,TKW_1_180,Senegalia goetzei,0.002042821
TKW_1,TKW_1_181,Pseudolachnostylis maprouneifolia,0.002642079
TKW_1,TKW_1_182,Aganope stuhlmannii,0.046144498
TKW_1,TKW_1_183,Vachellia nilotica,0.016741547
TKW_1,TKW_1_185,Aganope stuhlmannii,0.010028749
TKW_1,TKW_1_186,Combretum apiculatum,0.008824734
TKW_1,TKW_1_189,Aganope stuhlmannii,0.02659044
TKW_1,TKW_1_19,Combretum apiculatum,0.005026548
TKW_1,TKW_1_190,Aganope stuhlmannii,0.009160884
TKW_1,TKW_1_191,Aganope stuhlmannii,0.022965828
TKW_1,TKW_1_192,Aganope stuhlmannii,0.005281017
TKW_1,TKW_1_193,Diplorhynchus condylocarpon,0.009413782
TKW_1,TKW_1_195,Julbernardia paniculata,0.385945443
TKW_1,TKW_1_196,Pteleopsis myrtifolia,0.003525652
TKW_1,TKW_1_202,Burkea africana,0.110446617
TKW_1,TKW_1_203,Aganope stuhlmannii,0.041547563
TKW_1,TKW_1_204,Aganope stuhlmannii,0.038013271
TKW_1,TKW_1_205,Pseudolachnostylis maprouneifolia,0.073541542
TKW_1,TKW_1_207,Strychnos cocculoides,0.005281017
TKW_1,TKW_1_208,Aganope stuhlmannii,0.028616767
TKW_1,TKW_1_209,Diplorhynchus condylocarpon,0.0195572
TKW_1,TKW_1_21,Pseudolachnostylis maprouneifolia,0.12136051
TKW_1,TKW_1_210,Diplorhynchus condylocarpon,0.003739281
TKW_1,TKW_1_211,Aganope stuhlmannii,0.03268513
TKW_1,TKW_1_213,Combretum apiculatum,0.012686537
TKW_1,TKW_1_214,Combretum apiculatum,0.011882289
TKW_1,TKW_1_216,Aganope stuhlmannii,0.095662282
TKW_1,TKW_1_218,Combretum apiculatum,0.008992024
TKW_1,TKW_1_219,Combretum apiculatum,0.041547563
TKW_1,TKW_1_22,Combretum apiculatum,0.014059413
TKW_1,TKW_1_220,Combretum apiculatum,0.025274113
TKW_1,TKW_1_221,Combretum apiculatum,0.015614501
TKW_1,TKW_1_222,Combretum apiculatum,0.002206183
TKW_1,TKW_1_223,Combretum apiculatum,0.002827433
TKW_1,TKW_1_224,Julbernardia globiflora,0.112220831
TKW_1,TKW_1_225,Combretum apiculatum,0.002733971
TKW_1,TKW_1_226,Pseudolachnostylis maprouneifolia,0.133316626
TKW_1,TKW_1_227,Combretum apiculatum,0.073312206
TKW_1,TKW_1_228,Julbernardia globiflora,0.28842648
TKW_1,TKW_1_23,Combretum apiculatum,0.002733971
TKW_1,TKW_1_230,Julbernardia paniculata,0.137227909
TKW_1,TKW_1_231,Julbernardia paniculata,0.062015824
TKW_1,TKW_1_233,Julbernardia globiflora,0.005281017
TKW_1,TKW_1_234,Combretum apiculatum,0.008011847
TKW_1,TKW_1_235,Diplorhynchus condylocarpon,0.004185387
TKW_1,TKW_1_236,Diplorhynchus condylocarpon,0.164029621
TKW_1,TKW_1_237,Boscia salicifolia,0.133964579
TKW_1,TKW_1_238,Aganope stuhlmannii,0.015393804
TKW_1,TKW_1_239,Vachellia nilotica,0.005808805
TKW_1,TKW_1_24,Lannea schweinfurthii,0.022998029
TKW_1,TKW_1_242,Diplorhynchus condylocarpon,0.010386891
TKW_1,TKW_1_244,Vachellia reficiens,0.005674502
TKW_1,TKW_1_25,Combretum apiculatum,0.002733971
TKW_1,TKW_1_26,Diplorhynchus condylocarpon,0.004185387
TKW_1,TKW_1_27,Combretum apiculatum,0.00820584
TKW_1,TKW_1_28,Pseudolachnostylis maprouneifolia,0.058106898
TKW_1,TKW_1_29,Combretum apiculatum,0.007480132
TKW_1,TKW_1_30,Pseudolachnostylis maprouneifolia,0.029723393
TKW_1,TKW_1_31,Combretum apiculatum,0.020611989
TKW_1,TKW_1_34,Combretum apiculatum,0.057255526
TKW_1,TKW_1_35,Combretum apiculatum,0.004071504
TKW_1,TKW_1_37,Combretum apiculatum,0.004085641
TKW_1,TKW_1_39,Pterocarpus angolensis,0.089196884
TKW_1,TKW_1_4,Combretum apiculatum,0.082715778
TKW_1,TKW_1_40,Pseudolachnostylis maprouneifolia,0.076453799
TKW_1,TKW_1_43,Millettia stuhlmannii,0.119459061
TKW_1,TKW_1_44,Combretum apiculatum,0.053092916
TKW_1,TKW_1_46,Pseudolachnostylis maprouneifolia,0.117021185
TKW_1,TKW_1_49,Diplorhynchus condylocarpon,0.015836769
TKW_1,TKW_1_5,Combretum apiculatum,0.002123717
TKW_1,TKW_1_51,Combretum apiculatum,0.032047387
TKW_1,TKW_1_52,Aganope stuhlmannii,0.033979466
TKW_1,TKW_1_53,Combretum apiculatum,0.006082123
TKW_1,TKW_1_54,Lannea schweinfurthii,0.002463009
TKW_1,TKW_1_57,Combretum apiculatum,0.006082123
TKW_1,TKW_1_59,Aganope stuhlmannii,0.024605739
TKW_1,TKW_1_6,Combretum apiculatum,0.006792909
TKW_1,TKW_1_61,Combretum apiculatum,0.038013271
TKW_1,TKW_1_63,Combretum apiculatum,0.005944679
TKW_1,TKW_1_65,Aganope stuhlmannii,0.197135724
TKW_1,TKW_1_67,Combretum apiculatum,0.042410715
TKW_1,TKW_1_69,Combretum apiculatum,0.069694662
TKW_1,TKW_1_7,Combretum apiculatum,0.114800864
TKW_1,TKW_1_70,Combretum apiculatum,0.003117245
TKW_1,TKW_1_71,Pseudolachnostylis maprouneifolia,0.005541769
TKW_1,TKW_1_72,Pseudolachnostylis maprouneifolia,0.002123717
TKW_1,TKW_1_73,Combretum apiculatum,0.049801312
TKW_1,TKW_1_76,Julbernardia paniculata,0.287475363
TKW_1,TKW_1_77,Pseudolachnostylis maprouneifolia,0.00430084
TKW_1,TKW_1_78,Combretum zeyheri,0.014313882
TKW_1,TKW_1_79,Combretum apiculatum,0.00430084
TKW_1,TKW_1_8,Diplorhynchus condylocarpon,0.008791747
TKW_1,TKW_1_80,Combretum apiculatum,0.003117245
TKW_1,TKW_1_82,Combretum apiculatum,0.014102609
TKW_1,TKW_1_83,Combretum apiculatum,0.02865211
TKW_1,TKW_1_84,Diplorhynchus condylocarpon,0.092921242
TKW_1,TKW_1_85,Diplorhynchus condylocarpon,0.008062112
TKW_1,TKW_1_86,Diplorhynchus condylocarpon,0.012164247
TKW_1,TKW_1_87,Diplorhynchus condylocarpon,0.004656626
TKW_1,TKW_1_88,Diplorhynchus condylocarpon,0.003421194
TKW_1,TKW_1_89,Pseudolachnostylis maprouneifolia,0.085370424
TKW_1,TKW_1_9,Aganope stuhlmannii,0.276184479
TKW_1,TKW_1_90,Diplorhynchus condylocarpon,0.031592641
TKW_1,TKW_1_91,Combretum apiculatum,0.049875925
TKW_1,TKW_1_92,Combretum apiculatum,0.037668481
TKW_1,TKW_1_94,Combretum apiculatum,0.024052819
TKW_1,TKW_1_95,Aganope stuhlmannii,0.107521009
TKW_1,TKW_1_96,Aganope stuhlmannii,0.025963692
TKW_1,TKW_1_97,Aganope stuhlmannii,0.032047387
TKW_1,TKW_1_98,Aganope stuhlmannii,0.064692461
TKW_1,TKW_1_99,Combretum apiculatum,0.043373614
TKW_2,TKW_2_1,Suregada zanzibariensis,0.022463173
TKW_2,TKW_2_10,Hymenaea verrucosa,0.002463009
TKW_2,TKW_2_100,Hymenaea verrucosa,0.022698007
TKW_2,TKW_2_1001,Hymenaea verrucosa,0.010386891
TKW_2,TKW_2_1005,Hymenaea verrucosa,0.004185387
TKW_2,TKW_2_1006,Hymenaea verrucosa,0.012468981
TKW_2,TKW_2_1007,Hymenaea verrucosa,0.003739281
TKW_2,TKW_2_1008,Hymenaea verrucosa,0.052685294
TKW_2,TKW_2_1011,Bridelia scleroneura,0.003848451
TKW_2,TKW_2_1012,Suregada zanzibariensis,0.006221139
TKW_2,TKW_2_1013,Hymenaea verrucosa,0.00664761
TKW_2,TKW_2_1014,Hymenaea verrucosa,0.002463009
TKW_2,TKW_2_1016,Hymenaea verrucosa,0.009503318
TKW_2,TKW_2_1017,Hymenaea verrucosa,0.012720309
TKW_2,TKW_2_1018,Pteleopsis myrtifolia,0.138544236
TKW_2,TKW_2_1019,Hymenaea verrucosa,0.012667687
TKW_2,TKW_2_1020,Hymenaea verrucosa,0.028352874
TKW_2,TKW_2_1021,Suregada zanzibariensis,0.008011847
TKW_2,TKW_2_1022,Hymenaea verrucosa,0.002375829
TKW_2,TKW_2_1023,Hymenaea verrucosa,0.023506182
TKW_2,TKW_2_1024,Hymenaea verrucosa,0.009160884
TKW_2,TKW_2_1028,Gymnosporia senegalensis,0.021903969
TKW_2,TKW_2_1029,Diospyros mespiliformis,0.002922467
TKW_2,TKW_2_1030,Diospyros mespiliformis,0.002642079
TKW_2,TKW_2_1031,Markhamia obtusifolia,0.003739281
TKW_2,TKW_2_1032,Hymenaea verrucosa,0.027759113
TKW_2,TKW_2_1035,Gymnosporia senegalensis,0.013684778
TKW_2,TKW_2_1036,Diospyros mespiliformis,0.036100827
TKW_2,TKW_2_1037,Pteleopsis myrtifolia,0.018626503
TKW_2,TKW_2_1038,Hymenaea verrucosa,0.008171282
TKW_2,TKW_2_1039,Cremaspora triflora,0.004656626
TKW_2,TKW_2_104,Hymenaea verrucosa,0.025164943
TKW_2,TKW_2_1040,Cremaspora triflora,0.002290221
TKW_2,TKW_2_1042,Diospyros mespiliformis,0.010073517
TKW_2,TKW_2_1043,Cremaspora triflora,0.003848451
TKW_2,TKW_2_1044,Hymenaea verrucosa,0.012076282
TKW_2,TKW_2_1045,Pteleopsis myrtifolia,0.070494983
TKW_2,TKW_2_1046,Gymnosporia senegalensis,0.003959192
TKW_2,TKW_2_1048,Vangueria madagascariensis,0.002206183
TKW_2,TKW_2_1049,Gymnosporia senegalensis,0.003959192
TKW_2,TKW_2_1050,Gymnosporia senegalensis,0.005152997
TKW_2,TKW_2_1051,Hymenaea verrucosa,0.03630503
TKW_2,TKW_2_1052,Uvaria kirkii,0.003019071
TKW_2,TKW_2_1053,Gymnosporia senegalensis,0.010751315
TKW_2,TKW_2_1054,Gymnosporia senegalensis,0.003019071
TKW_2,TKW_2_1055,Gymnosporia senegalensis,0.003216991
TKW_2,TKW_2_1056,Suregada zanzibariensis,0.010525121
TKW_2,TKW_2_1057,Gymnosporia senegalensis,0.002733971
TKW_2,TKW_2_1058,Hymenaea verrucosa,0.003959192
TKW_2,TKW_2_1059,Gymnosporia senegalensis,0.016180773
TKW_2,TKW_2_106,Hymenaea verrucosa,0.014741138
TKW_2,TKW_2_1060,Pteleopsis myrtifolia,0.002290221
TKW_2,TKW_2_1061,Hymenaea verrucosa,0.002123717
TKW_2,TKW_2_1062,Pteleopsis myrtifolia,0.017907864
TKW_2,TKW_2_1063,Suregada zanzibariensis,0.003421194
TKW_2,TKW_2_1066,Grewia microcarpa,0.013195475
TKW_2,TKW_2_1067,Gymnosporia senegalensis,0.002463009
TKW_2,TKW_2_1070,Gymnosporia senegalensis,0.005281017
TKW_2,TKW_2_1076,Hymenaea verrucosa,0.062458004
TKW_2,TKW_2_1077,Gymnosporia senegalensis,0.009294402
TKW_2,TKW_2_1078,Hymenaea verrucosa,0.006082123
TKW_2,TKW_2_1079,Hymenaea verrucosa,0.004417865
TKW_2,TKW_2_108,Hymenaea verrucosa,0.030171856
TKW_2,TKW_2_1080,Gymnosporia senegalensis,0.007088218
TKW_2,TKW_2_1081,Gymnosporia senegalensis,0.008659015
TKW_2,TKW_2_1082,Pteleopsis myrtifolia,0.003739281
TKW_2,TKW_2_1083,Cremaspora triflora,0.002827433
TKW_2,TKW_2_1084,Gymnosporia senegalensis,0.009160884
TKW_2,TKW_2_1089,Hymenaea verrucosa,0.006792909
TKW_2,TKW_2_109,Grewia microcarpa,0.004185387
TKW_2,TKW_2_1091,Gymnosporia senegalensis,0.012271846
TKW_2,TKW_2_1092,Gymnosporia senegalensis,0.020611989
TKW_2,TKW_2_1095,Gymnosporia senegalensis,0.010568318
TKW_2,TKW_2_1097,Hymenaea verrucosa,0.005026548
TKW_2,TKW_2_1098,Suregada zanzibariensis,0.015393804
TKW_2,TKW_2_1099,Bridelia scleroneura,0.007853982
TKW_2,TKW_2_11,Suregada zanzibariensis,0.017907864
TKW_2,TKW_2_1102,Uvaria lucida,0.003631681
TKW_2,TKW_2_1103,Ochna holstii,0.002463009
TKW_2,TKW_2_1104,Gymnosporia senegalensis,0.020358306
TKW_2,TKW_2_1105,Hymenaea verrucosa,0.006939778
TKW_2,TKW_2_1108,Diospyros mespiliformis,0.005281017
TKW_2,TKW_2_1109,Hymenaea verrucosa,0.094945999
TKW_2,TKW_2_1110,Gymnosporia senegalensis,0.005152997
TKW_2,TKW_2_1111,Suregada zanzibariensis,0.019226547
TKW_2,TKW_2_1112,Hymenaea verrucosa,0.117021185
TKW_2,TKW_2_1114,Gymnosporia senegalensis,0.012468981
TKW_2,TKW_2_1115,Diospyros mespiliformis,0.024605739
TKW_2,TKW_2_1116,Neonotonia wightii,0.012468981
TKW_2,TKW_2_1117,Grewia microcarpa,0.014339014
TKW_2,TKW_2_1118,Ochna holstii,0.003318307
TKW_2,TKW_2_1120,Hymenaea verrucosa,0.022965828
TKW_2,TKW_2_1121,Grewia microcarpa,0.003216991
TKW_2,TKW_2_1122,Grewia microcarpa,0.003959192
TKW_2,TKW_2_1123,Grewia microcarpa,0.004417865
TKW_2,TKW_2_1125,Suregada zanzibariensis,0.002922467
TKW_2,TKW_2_1126,Suregada zanzibariensis,0.002123717
TKW_2,TKW_2_1127,Cremaspora triflora,0.002551759
TKW_2,TKW_2_1128,Cremaspora triflora,0.003216991
TKW_2,TKW_2_1129,Suregada zanzibariensis,0.002642079
TKW_2,TKW_2_113,Hymenaea verrucosa,0.011309734
TKW_2,TKW_2_1131,Gymnosporia senegalensis,0.018145839
TKW_2,TKW_2_1132,Commiphora africana,0.041547563
TKW_2,TKW_2_1134,Multidentia crassa,0.002642079
TKW_2,TKW_2_1136,Suregada zanzibariensis,0.003739281
TKW_2,TKW_2_1138,Gymnosporia senegalensis,0.003019071
TKW_2,TKW_2_1140,Uvaria lucida,0.017750784
TKW_2,TKW_2_1141,Grewia microcarpa,0.002551759
TKW_2,TKW_2_1142,Grewia microcarpa,0.017939279
TKW_2,TKW_2_1143,Grewia microcarpa,0.006361725
TKW_2,TKW_2_1144,Grewia microcarpa,0.019844655
TKW_2,TKW_2_1146,Hymenaea verrucosa,0.089254218
TKW_2,TKW_2_1147,Sclerocarya birrea,0.029864765
TKW_2,TKW_2_1149,Hymenaea verrucosa,0.024052819
TKW_2,TKW_2_115,Uvaria lucida,0.003019071
TKW_2,TKW_2_1150,Markhamia obtusifolia,0.002375829
TKW_2,TKW_2_1151,Hymenaea verrucosa,0.003421194
TKW_2,TKW_2_1154,Diospyros mespiliformis,0.032365473
TKW_2,TKW_2_1155,Hymenaea verrucosa,0.060262816
TKW_2,TKW_2_1156,Hymenaea verrucosa,0.005026548
TKW_2,TKW_2_1157,Uvaria lucida,0.004656626
TKW_2,TKW_2_1158,Suregada zanzibariensis,0.04458941
TKW_2,TKW_2_1159,Hymenaea verrucosa,0.003525652
TKW_2,TKW_2_116,Suregada zanzibariensis,0.007697687
TKW_2,TKW_2_1160,Hymenaea verrucosa,0.002733971
TKW_2,TKW_2_1161,Suregada zanzibariensis,0.010305209
TKW_2,TKW_2_1162,Hymenaea verrucosa,0.08552986
TKW_2,TKW_2_1163,Hymenaea verrucosa,0.007853982
TKW_2,TKW_2_1164,Uvaria lucida,0.002551759
TKW_2,TKW_2_1166,Gymnosporia senegalensis,0.003117245
TKW_2,TKW_2_1168,Suregada zanzibariensis,0.007853982
TKW_2,TKW_2_117,Hymenaea verrucosa,0.031730871
TKW_2,TKW_2_1171,Hymenaea verrucosa,0.013273229
TKW_2,TKW_2_1172,Bridelia scleroneura,0.08552986
TKW_2,TKW_2_1173,Suregada zanzibariensis,0.01973627
TKW_2,TKW_2_1175,Sclerocarya birrea,0.143872377
TKW_2,TKW_2_1177,Suregada zanzibariensis,0.012667687
TKW_2,TKW_2_1179,Markhamia obtusifolia,0.009503318
TKW_2,TKW_2_118,Hymenaea verrucosa,0.119459061
TKW_2,TKW_2_1180,Grewia microcarpa,0.012271846
TKW_2,TKW_2_1183,Suregada zanzibariensis,0.019404832
TKW_2,TKW_2_1184,Hymenaea verrucosa,0.110446617
TKW_2,TKW_2_1185,Hymenaea verrucosa,0.041547563
TKW_2,TKW_2_1186,Gymnosporia senegalensis,0.006361725
TKW_2,TKW_2_1188,Suregada zanzibariensis,0.003421194
TKW_2,TKW_2_1189,Suregada zanzibariensis,0.002206183
TKW_2,TKW_2_1191,Gymnosporia senegalensis,0.013893694
TKW_2,TKW_2_1196,Gymnosporia senegalensis,0.009852035
TKW_2,TKW_2_1197,Gymnosporia senegalensis,0.014102609
TKW_2,TKW_2_1198,Ochna holstii,0.003019071
TKW_2,TKW_2_120,Hymenaea verrucosa,0.003959192
TKW_2,TKW_2_1201,Suregada zanzibariensis,0.003959192
TKW_2,TKW_2_1202,Hymenaea verrucosa,0.002733971
TKW_2,TKW_2_1203,Gymnosporia senegalensis,0.003117245
TKW_2,TKW_2_1205,Grewia microcarpa,0.003631681
TKW_2,TKW_2_1206,Pteleopsis myrtifolia,0.005281017
TKW_2,TKW_2_1207,Hymenaea verrucosa,0.051874763
TKW_2,TKW_2_1209,Gymnosporia senegalensis,0.009522953
TKW_2,TKW_2_121,Suregada zanzibariensis,0.003318307
TKW_2,TKW_2_1210,Hymenaea verrucosa,0.002827433
TKW_2,TKW_2_1211,Grewia microcarpa,0.002375829
TKW_2,TKW_2_1212,Grewia microcarpa,0.002827433
TKW_2,TKW_2_1213,Gymnosporia senegalensis,0.017671459
TKW_2,TKW_2_1215,Cremaspora triflora,0.003525652
TKW_2,TKW_2_1216,Gymnosporia senegalensis,0.012667687
TKW_2,TKW_2_1217,Gymnosporia senegalensis,0.024688991
TKW_2,TKW_2_1218,Suregada zanzibariensis,0.006082123
TKW_2,TKW_2_1219,Hymenaea verrucosa,0.003631681
TKW_2,TKW_2_122,Hymenaea verrucosa,0.043743536
TKW_2,TKW_2_1220,Hymenaea verrucosa,0.003216991
TKW_2,TKW_2_1221,Pteleopsis myrtifolia,0.017671459
TKW_2,TKW_2_1222,Cremaspora triflora,0.002463009
TKW_2,TKW_2_1223,Diospyros mespiliformis,0.060633524
TKW_2,TKW_2_123,Hymenaea verrucosa,0.004417865
TKW_2,TKW_2_126,Gymnosporia senegalensis,0.007853982
TKW_2,TKW_2_127,Gymnosporia senegalensis,0.00453646
TKW_2,TKW_2_129,Hymenaea verrucosa,0.022698007
TKW_2,TKW_2_1293,Gymnosporia senegalensis,0.005808805
TKW_2,TKW_2_1297,Uvaria lucida,0.005203263
TKW_2,TKW_2_1299,Hymenaea verrucosa,0.062015824
TKW_2,TKW_2_13,Uvaria lucida,0.013296791
TKW_2,TKW_2_130,Gymnosporia senegalensis,0.002733971
TKW_2,TKW_2_1301,Suregada zanzibariensis,0.00490167
TKW_2,TKW_2_1304,Hymenaea verrucosa,0.007697687
TKW_2,TKW_2_1305,Markhamia obtusifolia,0.004185387
TKW_2,TKW_2_1306,Hymenaea verrucosa,0.002922467
TKW_2,TKW_2_1308,Uvaria kirkii,0.005152997
TKW_2,TKW_2_1309,Gymnosporia senegalensis,0.01486366
TKW_2,TKW_2_131,Hymenaea verrucosa,0.006503882
TKW_2,TKW_2_1310,Suregada zanzibariensis,0.003216991
TKW_2,TKW_2_1312,Hymenaea verrucosa,0.018626503
TKW_2,TKW_2_1313,Hymenaea verrucosa,0.002551759
TKW_2,TKW_2_1314,Gymnosporia senegalensis,0.007088218
TKW_2,TKW_2_1316,Hymenaea verrucosa,0.003739281
TKW_2,TKW_2_1317,Uvaria kirkii,0.005152997
TKW_2,TKW_2_1319,Grewia holstii,0.015614501
TKW_2,TKW_2_132,Hymenaea verrucosa,0.006361725
TKW_2,TKW_2_1321,Hymenaea verrucosa,0.003631681
TKW_2,TKW_2_1322,Hymenaea verrucosa,0.033006358
TKW_2,TKW_2_1323,Hymenaea verrucosa,0.003631681
TKW_2,TKW_2_1324,Gymnosporia senegalensis,0.012867964
TKW_2,TKW_2_1326,Hymenaea verrucosa,0.030171856
TKW_2,TKW_2_1327,Gymnosporia senegalensis,0.002042821
TKW_2,TKW_2_1328,Hymenaea verrucosa,0.002922467
TKW_2,TKW_2_1329,Hymenaea verrucosa,0.037325262
TKW_2,TKW_2_1330,Hymenaea verrucosa,0.051471854
TKW_2,TKW_2_1331,Hymenaea verrucosa,0.003631681
TKW_2,TKW_2_1332,Cremaspora triflora,0.005808805
TKW_2,TKW_2_1333,Hymenaea verrucosa,0.002123717
TKW_2,TKW_2_1334,Hymenaea verrucosa,0.004656626
TKW_2,TKW_2_1335,Hymenaea verrucosa,0.003117245
TKW_2,TKW_2_1336,Bridelia scleroneura,0.002551759
TKW_2,TKW_2_1337,Hymenaea verrucosa,0.106361761
TKW_2,TKW_2_1338,Cremaspora triflora,0.004071504
TKW_2,TKW_2_1339,Hymenaea verrucosa,0.002922467
TKW_2,TKW_2_134,Bridelia scleroneura,0.015174678
TKW_2,TKW_2_1340,Uvaria lucida,0.017357299
TKW_2,TKW_2_1341,Hymenaea verrucosa,0.002463009
TKW_2,TKW_2_1342,Hymenaea verrucosa,0.002827433
TKW_2,TKW_2_1343,Hymenaea verrucosa,0.005410608
TKW_2,TKW_2_1347,Hymenaea verrucosa,0.020106193
TKW_2,TKW_2_1349,Hymenaea verrucosa,0.021124069
TKW_2,TKW_2_135,Hymenaea verrucosa,0.002206183
TKW_2,TKW_2_1350,Hymenaea verrucosa,0.103829637
TKW_2,TKW_2_1351,Hymenaea verrucosa,0.010751315
TKW_2,TKW_2_1352,Hymenaea verrucosa,0.014741138
TKW_2,TKW_2_1353,Hymenaea verrucosa,0.008494867
TKW_2,TKW_2_1354,Hymenaea verrucosa,0.005674502
TKW_2,TKW_2_1355,Uvaria lucida,0.011122023
TKW_2,TKW_2_1357,Hymenaea verrucosa,0.053502108
TKW_2,TKW_2_1358,Hymenaea verrucosa,0.003318307
TKW_2,TKW_2_1359,Ochna holstii,0.005026548
TKW_2,TKW_2_136,Hymenaea verrucosa,0.002123717
TKW_2,TKW_2_1360,Hymenaea verrucosa,0.002642079
TKW_2,TKW_2_1362,Hymenaea verrucosa,0.002827433
TKW_2,TKW_2_1363,Hymenaea verrucosa,0.016512996
TKW_2,TKW_2_1365,Uvaria lucida,0.006939778
TKW_2,TKW_2_1366,Hymenaea verrucosa,0.002463009
TKW_2,TKW_2_1367,Hymenaea verrucosa,0.007853982
TKW_2,TKW_2_1368,Hymenaea verrucosa,0.013478218
TKW_2,TKW_2_1369,Hymenaea verrucosa,0.008659015
TKW_2,TKW_2_137,Hymenaea verrucosa,0.014102609
TKW_2,TKW_2_1370,Suregada zanzibariensis,0.01452751
TKW_2,TKW_2_1371,Uvaria lucida,0.010935884
TKW_2,TKW_2_1372,Hymenaea verrucosa,0.029864765
TKW_2,TKW_2_1373,Hymenaea verrucosa,0.002463009
TKW_2,TKW_2_1374,Bridelia scleroneura,0.048305129
TKW_2,TKW_2_1375,Hymenaea verrucosa,0.004185387
TKW_2,TKW_2_1376,Hymenaea verrucosa,0.057680427
TKW_2,TKW_2_1377,Hymenaea verrucosa,0.009676891
TKW_2,TKW_2_1378,Hymenaea verrucosa,0.035632729
TKW_2,TKW_2_1379,Hymenaea verrucosa,0.006503882
TKW_2,TKW_2_138,Grewia microcarpa,0.04965837
TKW_2,TKW_2_1380,Hymenaea verrucosa,0.003117245
TKW_2,TKW_2_1381,Hymenaea verrucosa,0.009503318
TKW_2,TKW_2_1382,Hymenaea verrucosa,0.00453646
TKW_2,TKW_2_1383,Hymenaea verrucosa,0.015393804
TKW_2,TKW_2_1384,Hymenaea verrucosa,0.003525652
TKW_2,TKW_2_1385,Hymenaea verrucosa,0.013684778
TKW_2,TKW_2_1386,Hymenaea verrucosa,0.013273229
TKW_2,TKW_2_1387,Hymenaea verrucosa,0.007389811
TKW_2,TKW_2_1388,Hymenaea verrucosa,0.037668481
TKW_2,TKW_2_139,Gymnosporia senegalensis,0.002827433
TKW_2,TKW_2_1390,Hymenaea verrucosa,0.010751315
TKW_2,TKW_2_1391,Hymenaea verrucosa,0.010386891
TKW_2,TKW_2_1392,Hymenaea verrucosa,0.003739281
TKW_2,TKW_2_1393,Hymenaea verrucosa,0.020867244
TKW_2,TKW_2_1394,Hymenaea verrucosa,0.006792909
TKW_2,TKW_2_1395,Hymenaea verrucosa,0.028352874
TKW_2,TKW_2_1396,Hymenaea verrucosa,0.002042821
TKW_2,TKW_2_1397,Hymenaea verrucosa,0.002551759
TKW_2,TKW_2_1398,Hymenaea verrucosa,0.029864765
TKW_2,TKW_2_1399,Hymenaea verrucosa,0.092940877
TKW_2,TKW_2_1400,Hymenaea verrucosa,0.020358306
TKW_2,TKW_2_1402,Hymenaea verrucosa,0.004656626
TKW_2,TKW_2_1403,Hymenaea verrucosa,0.002827433
TKW_2,TKW_2_1404,Hymenaea verrucosa,0.003318307
TKW_2,TKW_2_1405,Hymenaea verrucosa,0.002042821
TKW_2,TKW_2_1406,Hymenaea verrucosa,0.003216991
TKW_2,TKW_2_1408,Hymenaea verrucosa,0.007697687
TKW_2,TKW_2_1409,Grewia holstii,0.03268513
TKW_2,TKW_2_1410,Uvaria lucida,0.01428168
TKW_2,TKW_2_1411,Grewia microcarpa,0.004071504
TKW_2,TKW_2_1412,Hymenaea verrucosa,0.004417865
TKW_2,TKW_2_1413,Hymenaea verrucosa,0.003739281
TKW_2,TKW_2_1414,Gymnosporia senegalensis,0.010028749
TKW_2,TKW_2_1415,Uvaria lucida,0.004656626
TKW_2,TKW_2_1416,Gymnosporia senegalensis,0.01302897
TKW_2,TKW_2_1418,Uvaria lucida,0.00653844
TKW_2,TKW_2_1419,Gymnosporia senegalensis,0.003318307
TKW_2,TKW_2_142,Gymnosporia senegalensis,0.006792909
TKW_2,TKW_2_1421,Grewia microcarpa,0.005808805
TKW_2,TKW_2_1423,Grewia microcarpa,0.016162709
TKW_2,TKW_2_1424,Gymnosporia senegalensis,0.006503882
TKW_2,TKW_2_1425,Hymenaea verrucosa,0.002922467
TKW_2,TKW_2_1426,Hymenaea verrucosa,0.003117245
TKW_2,TKW_2_1427,Hymenaea verrucosa,0.002123717
TKW_2,TKW_2_1428,Hymenaea verrucosa,0.002123717
TKW_2,TKW_2_143,Hymenaea verrucosa,0.001963495
TKW_2,TKW_2_1432,Gymnosporia senegalensis,0.011309734
TKW_2,TKW_2_1433,Suregada zanzibariensis,0.02199429
TKW_2,TKW_2_1434,Hymenaea verrucosa,0.002290221
TKW_2,TKW_2_1435,Gymnosporia senegalensis,0.008011847
TKW_2,TKW_2_1438,Hymenaea verrucosa,0.028055208
TKW_2,TKW_2_144,Hymenaea verrucosa,0.586997948
TKW_2,TKW_2_1441,Pteleopsis myrtifolia,0.002827433
TKW_2,TKW_2_1443,Markhamia obtusifolia,0.004417865
TKW_2,TKW_2_1444,Gymnosporia senegalensis,0.012271846
TKW_2,TKW_2_1446,Suregada zanzibariensis,0.002375829
TKW_2,TKW_2_1447,Cremaspora triflora,0.002463009
TKW_2,TKW_2_1448,Hymenaea verrucosa,0.002123717
TKW_2,TKW_2_1449,Suregada zanzibariensis,0.002206183
TKW_2,TKW_2_145,Suregada zanzibariensis,0.03268513
TKW_2,TKW_2_1450,Uvaria lucida,0.002375829
TKW_2,TKW_2_1451,Grewia microcarpa,0.0170722
TKW_2,TKW_2_1452,Markhamia obtusifolia,0.018145839
TKW_2,TKW_2_1453,Gymnosporia senegalensis,0.011499015
TKW_2,TKW_2_1455,Grewia microcarpa,0.002733971
TKW_2,TKW_2_1456,Hymenaea verrucosa,0.005541769
TKW_2,TKW_2_1457,Suregada zanzibariensis,0.002123717
TKW_2,TKW_2_1458,Grewia microcarpa,0.003525652
TKW_2,TKW_2_1459,Julbernardia globiflora,0.002827433
TKW_2,TKW_2_1460,Hymenaea verrucosa,0.002290221
TKW_2,TKW_2_1463,Hymenaea verrucosa,0.006792909
TKW_2,TKW_2_1464,Hymenaea verrucosa,0.035298935
TKW_2,TKW_2_1465,Hymenaea verrucosa,0.046376976
TKW_2,TKW_2_1466,Hymenaea verrucosa,0.0254469
TKW_2,TKW_2_1467,Uvaria kirkii,0.005674502
TKW_2,TKW_2_1468,Uvaria kirkii,0.004417865
TKW_2,TKW_2_1469,Uvaria lucida,0.003019071
TKW_2,TKW_2_1470,Hymenaea verrucosa,0.002375829
TKW_2,TKW_2_1471,Hymenaea verrucosa,0.038359632
TKW_2,TKW_2_1473,Hymenaea verrucosa,0.161883128
TKW_2,TKW_2_1476,Hymenaea verrucosa,0.012468981
TKW_2,TKW_2_1477,Suregada zanzibariensis,0.007697687
TKW_2,TKW_2_1479,Grewia microcarpa,0.004417865
TKW_2,TKW_2_148,Hymenaea verrucosa,0.147934456
TKW_2,TKW_2_1481,Suregada zanzibariensis,0.00453646
TKW_2,TKW_2_1482,Suregada zanzibariensis,0.007238229
TKW_2,TKW_2_1483,Markhamia obtusifolia,0.003525652
TKW_2,TKW_2_1484,Hymenaea verrucosa,0.05853494
TKW_2,TKW_2_1487,Uvaria lucida,0.002123717
TKW_2,TKW_2_1488,Markhamia obtusifolia,0.002922467
TKW_2,TKW_2_149,Hymenaea verrucosa,0.037668481
TKW_2,TKW_2_15,Suregada zanzibariensis,0.006082123
TKW_2,TKW_2_151,Hymenaea verrucosa,0.003019071
TKW_2,TKW_2_152,Suregada zanzibariensis,0.003848451
TKW_2,TKW_2_153,Suregada zanzibariensis,0.008750121
TKW_2,TKW_2_154,Hymenaea verrucosa,0.005152997
TKW_2,TKW_2_156,Hymenaea verrucosa,0.012271846
TKW_2,TKW_2_157,Hymenaea verrucosa,0.008992024
TKW_2,TKW_2_158,Hymenaea verrucosa,0.013273229
TKW_2,TKW_2_159,Hymenaea verrucosa,0.002290221
TKW_2,TKW_2_160,Hymenaea verrucosa,0.071631454
TKW_2,TKW_2_163,Hymenaea verrucosa,0.066051986
TKW_2,TKW_2_164,Hymenaea verrucosa,0.003959192
TKW_2,TKW_2_166,Hymenaea verrucosa,0.003525652
TKW_2,TKW_2_167,Diospyros mespiliformis,0.016512996
TKW_2,TKW_2_168,Hymenaea verrucosa,0.005808805
TKW_2,TKW_2_169,Hymenaea verrucosa,0.011882289
TKW_2,TKW_2_170,Hymenaea verrucosa,0.021124069
TKW_2,TKW_2_171,Hymenaea verrucosa,0.005808805
TKW_2,TKW_2_172,Hymenaea verrucosa,0.00430084
TKW_2,TKW_2_173,Hymenaea verrucosa,0.002922467
TKW_2,TKW_2_175,Hymenaea verrucosa,0.053912872
TKW_2,TKW_2_176,Uvaria lucida,0.004185387
TKW_2,TKW_2_177,Hymenaea verrucosa,0.005281017
TKW_2,TKW_2_178,Hymenaea verrucosa,0.078923876
TKW_2,TKW_2_179,Hymenaea verrucosa,0.005026548
TKW_2,TKW_2_18,Uvaria lucida,0.005385475
TKW_2,TKW_2_180,Hymenaea verrucosa,0.048305129
TKW_2,TKW_2_182,Hymenaea verrucosa,0.00430084
TKW_2,TKW_2_183,Hymenaea verrucosa,0.007389811
TKW_2,TKW_2_185,Hymenaea verrucosa,0.00490167
TKW_2,TKW_2_186,Hymenaea verrucosa,0.109858354
TKW_2,TKW_2_188,Hymenaea verrucosa,0.005944679
TKW_2,TKW_2_189,Hymenaea verrucosa,0.016512996
TKW_2,TKW_2_190,Hymenaea verrucosa,0.002290221
TKW_2,TKW_2_191,Hymenaea verrucosa,0.002922467
TKW_2,TKW_2_192,Hymenaea verrucosa,0.008332289
TKW_2,TKW_2_194,Hymenaea verrucosa,0.011689866
TKW_2,TKW_2_195,Uvaria lucida,0.00490167
TKW_2,TKW_2_196,Hymenaea verrucosa,0.029864765
TKW_2,TKW_2_197,Hymenaea verrucosa,0.003959192
TKW_2,TKW_2_198,Ochna holstii,0.006939778
TKW_2,TKW_2_2,Hymenaea verrucosa,0.114608442
TKW_2,TKW_2_200,Diospyros mespiliformis,0.037668481
TKW_2,TKW_2_201,Hymenaea verrucosa,0.003848451
TKW_2,TKW_2_202,Uvaria lucida,0.007697687
TKW_2,TKW_2_203,Hymenaea verrucosa,0.002042821
TKW_2,TKW_2_204,Suregada zanzibariensis,0.006082123
TKW_2,TKW_2_205,Uvaria lucida,0.002922467
TKW_2,TKW_2_207,Hymenaea verrucosa,0.007697687
TKW_2,TKW_2_208,Hymenaea verrucosa,0.028952918
TKW_2,TKW_2_209,Hymenaea verrucosa,0.019855651
TKW_2,TKW_2_21,Uvaria kirkii,0.005105088
TKW_2,TKW_2_210,Hymenaea verrucosa,0.027260385
TKW_2,TKW_2_211,Hymenaea verrucosa,0.002827433
TKW_2,TKW_2_214,Suregada zanzibariensis,0.006792909
TKW_2,TKW_2_215,Hymenaea verrucosa,0.032365473
TKW_2,TKW_2_217,Hymenaea verrucosa,0.003117245
TKW_2,TKW_2_218,Hymenaea verrucosa,0.039057065
TKW_2,TKW_2_22,Suregada zanzibariensis,0.0193797
TKW_2,TKW_2_220,Hymenaea verrucosa,0.005026548
TKW_2,TKW_2_221,Hymenaea verrucosa,0.036983614
TKW_2,TKW_2_223,Hymenaea verrucosa,0.03268513
TKW_2,TKW_2_224,Hymenaea verrucosa,0.030171856
TKW_2,TKW_2_225,Hymenaea verrucosa,0.003631681
TKW_2,TKW_2_226,Hymenaea verrucosa,0.009331316
TKW_2,TKW_2_228,Cremaspora triflora,0.00430084
TKW_2,TKW_2_229,Hymenaea verrucosa,0.005808805
TKW_2,TKW_2_23,Grewia microcarpa,0.010130066
TKW_2,TKW_2_230,Gymnosporia senegalensis,0.009503318
TKW_2,TKW_2_231,Hymenaea verrucosa,0.002375829
TKW_2,TKW_2_232,Hymenaea verrucosa,0.002123717
TKW_2,TKW_2_236,Hymenaea verrucosa,0.003525652
TKW_2,TKW_2_237,Hymenaea verrucosa,0.002922467
TKW_2,TKW_2_24,Hymenaea verrucosa,0.002290221
TKW_2,TKW_2_241,Hymenaea verrucosa,0.002922467
TKW_2,TKW_2_243,Hymenaea verrucosa,0.004778362
TKW_2,TKW_2_244,Hymenaea verrucosa,0.023778715
TKW_2,TKW_2_25,Uvaria lucida,0.006361725
TKW_2,TKW_2_250,Grewia microcarpa,0.00490167
TKW_2,TKW_2_251,Hymenaea verrucosa,0.009503318
TKW_2,TKW_2_256,Hymenaea verrucosa,0.010028749
TKW_2,TKW_2_257,Hymenaea verrucosa,0.002733971
TKW_2,TKW_2_258,Grewia microcarpa,0.02313783
TKW_2,TKW_2_259,Suregada zanzibariensis,0.003525652
TKW_2,TKW_2_26,Hymenaea verrucosa,0.003525652
TKW_2,TKW_2_260,Hymenaea verrucosa,0.006221139
TKW_2,TKW_2_261,Hymenaea verrucosa,0.020106193
TKW_2,TKW_2_262,Hymenaea verrucosa,0.007853982
TKW_2,TKW_2_265,Vangueriopsis lanciflora,0.002123717
TKW_2,TKW_2_266,Suregada zanzibariensis,0.002375829
TKW_2,TKW_2_267,Grewia microcarpa,0.006534513
TKW_2,TKW_2_268,Hymenaea verrucosa,0.002375829
TKW_2,TKW_2_27,Suregada zanzibariensis,0.015393804
TKW_2,TKW_2_271,Bridelia scleroneura,0.005281017
TKW_2,TKW_2_272,Hymenaea verrucosa,0.08552986
TKW_2,TKW_2_273,Grewia microcarpa,0.003019071
TKW_2,TKW_2_274,Suregada zanzibariensis,0.004656626
TKW_2,TKW_2_277,Hymenaea verrucosa,0.043005262
TKW_2,TKW_2_278,Gymnosporia senegalensis,0.005410608
TKW_2,TKW_2_279,Gymnosporia senegalensis,0.005944679
TKW_2,TKW_2_28,Uvaria lucida,0.003421194
TKW_2,TKW_2_280,Hymenaea verrucosa,0.032047387
TKW_2,TKW_2_281,Gymnosporia senegalensis,0.022965828
TKW_2,TKW_2_283,Sclerocarya birrea,0.004185387
TKW_2,TKW_2_288,Gymnosporia senegalensis,0.005281017
TKW_2,TKW_2_29,Hymenaea verrucosa,0.234139759
TKW_2,TKW_2_292,Hymenaea verrucosa,0.025164943
TKW_2,TKW_2_293,Uvaria lucida,0.006361725
TKW_2,TKW_2_294,Tragia brevipes,0.002463009
TKW_2,TKW_2_295,Hymenaea verrucosa,0.026302199
TKW_2,TKW_2_296,Suregada zanzibariensis,0.002290221
TKW_2,TKW_2_299,Hymenaea verrucosa,0.013069811
TKW_2,TKW_2_3,Hymenaea verrucosa,0.002375829
TKW_2,TKW_2_30,Suregada zanzibariensis,0.032047387
TKW_2,TKW_2_301,Hymenaea verrucosa,0.013069811
TKW_2,TKW_2_302,Hymenaea verrucosa,0.043005262
TKW_2,TKW_2_303,Hymenaea verrucosa,0.003318307
TKW_2,TKW_2_304,Bridelia scleroneura,0.003739281
TKW_2,TKW_2_306,Bobgunnia madagascariensis,0.002642079
TKW_2,TKW_2_307,Hymenaea verrucosa,0.040114997
TKW_2,TKW_2_309,Grewia microcarpa,0.020228715
TKW_2,TKW_2_31,Hymenaea verrucosa,0.002733971
TKW_2,TKW_2_310,Uvaria kirkii,0.004778362
TKW_2,TKW_2_311,Gymnosporia senegalensis,0.011689866
TKW_2,TKW_2_314,Bridelia scleroneura,0.028352874
TKW_2,TKW_2_316,Suregada zanzibariensis,0.001963495
TKW_2,TKW_2_317,Pteleopsis myrtifolia,0.012271846
TKW_2,TKW_2_318,Pteleopsis myrtifolia,0.003525652
TKW_2,TKW_2_319,Pteleopsis myrtifolia,0.003421194
TKW_2,TKW_2_32,Cremaspora triflora,0.002290221
TKW_2,TKW_2_320,Pteleopsis myrtifolia,0.005674502
TKW_2,TKW_2_323,Gymnosporia senegalensis,0.003631681
TKW_2,TKW_2_324,Pteleopsis myrtifolia,0.002123717
TKW_2,TKW_2_325,Pteleopsis myrtifolia,0.002042821
TKW_2,TKW_2_326,Ochna holstii,0.004071504
TKW_2,TKW_2_327,Pteleopsis myrtifolia,0.002375829
TKW_2,TKW_2_328,Ochna holstii,0.004417865
TKW_2,TKW_2_329,Pteleopsis myrtifolia,0.002290221
TKW_2,TKW_2_33,Hymenaea verrucosa,0.002733971
TKW_2,TKW_2_332,Burkea africana,0.144721393
TKW_2,TKW_2_334,Burkea africana,0.143200862
TKW_2,TKW_2_335,Burkea africana,0.059395736
TKW_2,TKW_2_336,Pteleopsis myrtifolia,0.003959192
TKW_2,TKW_2_337,Pteleopsis myrtifolia,0.00490167
TKW_2,TKW_2_338,Pteleopsis myrtifolia,0.003117245
TKW_2,TKW_2_339,Burkea africana,0.163312553
TKW_2,TKW_2_34,Suregada zanzibariensis,0.006221139
TKW_2,TKW_2_340,Pteleopsis myrtifolia,0.006939778
TKW_2,TKW_2_341,Pteleopsis myrtifolia,0.003019071
TKW_2,TKW_2_342,Pteleopsis myrtifolia,0.002733971
TKW_2,TKW_2_343,Pteleopsis myrtifolia,0.003216991
TKW_2,TKW_2_344,Pteleopsis myrtifolia,0.002463009
TKW_2,TKW_2_345,Pteleopsis myrtifolia,0.002042821
TKW_2,TKW_2_346,Pteleopsis myrtifolia,0.002642079
TKW_2,TKW_2_347,Pteleopsis myrtifolia,0.002827433
TKW_2,TKW_2_348,Pteleopsis myrtifolia,0.002551759
TKW_2,TKW_2_349,Pteleopsis myrtifolia,0.010935884
TKW_2,TKW_2_35,Cremaspora triflora,0.003216991
TKW_2,TKW_2_350,Ochna holstii,0.005281017
TKW_2,TKW_2_352,Hymenaea verrucosa,0.038013271
TKW_2,TKW_2_353,Diplorhynchus condylocarpon,0.005281017
TKW_2,TKW_2_354,Uvaria lucida,0.007853982
TKW_2,TKW_2_355,Hymenaea verrucosa,0.057255526
TKW_2,TKW_2_358,Gymnosporia senegalensis,0.038815163
TKW_2,TKW_2_359,Suregada zanzibariensis,0.005541769
TKW_2,TKW_2_36,Gymnosporia senegalensis,0.002551759
TKW_2,TKW_2_360,Uvaria kirkii,0.011254756
TKW_2,TKW_2_361,Uvaria kirkii,0.005808805
TKW_2,TKW_2_362,Hymenaea verrucosa,0.021642432
TKW_2,TKW_2_363,Suregada zanzibariensis,0.00430084
TKW_2,TKW_2_364,Gymnosporia senegalensis,0.008171282
TKW_2,TKW_2_365,Uvaria lucida,0.007736172
TKW_2,TKW_2_367,Hymenaea verrucosa,0.018385386
TKW_2,TKW_2_368,Uvaria lucida,0.002123717
TKW_2,TKW_2_369,Suregada zanzibariensis,0.014957908
TKW_2,TKW_2_37,Gymnosporia senegalensis,0.002042821
TKW_2,TKW_2_370,Grewia microcarpa,0.005944679
TKW_2,TKW_2_371,Hymenaea verrucosa,0.010935884
TKW_2,TKW_2_372,Hymenaea verrucosa,0.060262816
TKW_2,TKW_2_373,Hymenaea verrucosa,0.003216991
TKW_2,TKW_2_374,Gymnosporia senegalensis,0.006939778
TKW_2,TKW_2_375,Hymenaea verrucosa,0.002206183
TKW_2,TKW_2_376,Gymnosporia senegalensis,0.010041316
TKW_2,TKW_2_377,Gymnosporia senegalensis,0.002463009
TKW_2,TKW_2_378,Gymnosporia senegalensis,0.004656626
TKW_2,TKW_2_38,Grewia holstii,0.00453646
TKW_2,TKW_2_382,Grewia microcarpa,0.002922467
TKW_2,TKW_2_383,Gymnosporia senegalensis,0.006361725
TKW_2,TKW_2_384,Grewia microcarpa,0.005152997
TKW_2,TKW_2_385,Bridelia scleroneura,0.016512996
TKW_2,TKW_2_389,Grewia microcarpa,0.003739281
TKW_2,TKW_2_39,Pteleopsis myrtifolia,0.003216991
TKW_2,TKW_2_390,Suregada zanzibariensis,0.002375829
TKW_2,TKW_2_391,Hymenaea verrucosa,0.003019071
TKW_2,TKW_2_393,Gymnosporia senegalensis,0.008992024
TKW_2,TKW_2_395,Hymenaea verrucosa,0.050670748
TKW_2,TKW_2_396,Ficus sansibarica,0.14522012
TKW_2,TKW_2_397,Suregada zanzibariensis,0.001963495
TKW_2,TKW_2_398,Diplorhynchus condylocarpon,0.002827433
TKW_2,TKW_2_399,Diplorhynchus condylocarpon,0.002290221
TKW_2,TKW_2_4,Hymenaea verrucosa,0.035632729
TKW_2,TKW_2_401,Grewia microcarpa,0.004185387
TKW_2,TKW_2_402,Pteleopsis myrtifolia,0.037325262
TKW_2,TKW_2_403,Uvaria kirkii,0.003421194
TKW_2,TKW_2_407,Gymnosporia senegalensis,0.008824734
TKW_2,TKW_2_408,Gymnosporia senegalensis,0.005152997
TKW_2,TKW_2_41,Suregada zanzibariensis,0.007166758
TKW_2,TKW_2_412,Uvaria lucida,0.01603783
TKW_2,TKW_2_413,Suregada zanzibariensis,0.011842234
TKW_2,TKW_2_414,Hymenaea verrucosa,0.027171635
TKW_2,TKW_2_416,Sclerocarya birrea,0.112815378
TKW_2,TKW_2_417,Grewia microcarpa,0.007853982
TKW_2,TKW_2_418,Markhamia obtusifolia,0.005674502
TKW_2,TKW_2_419,Hymenaea verrucosa,0.002733971
TKW_2,TKW_2_42,Uvaria kirkii,0.005026548
TKW_2,TKW_2_420,Suregada zanzibariensis,0.014102609
TKW_2,TKW_2_422,Hymenaea verrucosa,0.008992024
TKW_2,TKW_2_424,Grewia microcarpa,0.003959192
TKW_2,TKW_2_425,Hymenaea verrucosa,0.022698007
TKW_2,TKW_2_426,Uvaria lucida,0.005281017
TKW_2,TKW_2_427,Cremaspora triflora,0.005152997
TKW_2,TKW_2_429,Hymenaea verrucosa,0.002290221
TKW_2,TKW_2_43,Hymenaea verrucosa,0.078923876
TKW_2,TKW_2_431,Hymenaea verrucosa,0.010568318
TKW_2,TKW_2_432,Hymenaea verrucosa,0.004778362
TKW_2,TKW_2_433,Hymenaea verrucosa,0.002827433
TKW_2,TKW_2_434,Hymenaea verrucosa,0.00664761
TKW_2,TKW_2_435,Hymenaea verrucosa,0.005541769
TKW_2,TKW_2_436,Hymenaea verrucosa,0.006221139
TKW_2,TKW_2_437,Hymenaea verrucosa,0.002642079
TKW_2,TKW_2_439,Grewia microcarpa,0.007542964
TKW_2,TKW_2_440,Hymenaea verrucosa,0.002042821
TKW_2,TKW_2_442,Hymenaea verrucosa,0.003216991
TKW_2,TKW_2_443,Hymenaea verrucosa,0.004185387
TKW_2,TKW_2_444,Hymenaea verrucosa,0.002922467
TKW_2,TKW_2_445,Gymnosporia senegalensis,0.002463009
TKW_2,TKW_2_447,Hymenaea verrucosa,0.015393804
TKW_2,TKW_2_448,Hymenaea verrucosa,0.003421194
TKW_2,TKW_2_449,Hymenaea verrucosa,0.005674502
TKW_2,TKW_2_450,Bridelia scleroneura,0.00490167
TKW_2,TKW_2_451,Gymnosporia senegalensis,0.004656626
TKW_2,TKW_2_452,Hymenaea verrucosa,0.006082123
TKW_2,TKW_2_453,Gymnosporia senegalensis,0.007853982
TKW_2,TKW_2_454,Hymenaea verrucosa,0.015853262
TKW_2,TKW_2_455,Cremaspora triflora,0.005410608
TKW_2,TKW_2_456,Suregada zanzibariensis,0.022998029
TKW_2,TKW_2_457,Hymenaea verrucosa,0.007389811
TKW_2,TKW_2_458,Hymenaea verrucosa,0.002551759
TKW_2,TKW_2_459,Hymenaea verrucosa,0.001963495
TKW_2,TKW_2_46,Pteleopsis myrtifolia,0.029864765
TKW_2,TKW_2_461,Hymenaea verrucosa,0.096761839
TKW_2,TKW_2_462,Bridelia scleroneura,0.003216991
TKW_2,TKW_2_463,Gymnosporia senegalensis,0.012667687
TKW_2,TKW_2_465,Hymenaea verrucosa,0.008659015
TKW_2,TKW_2_466,Grewia microcarpa,0.012468981
TKW_2,TKW_2_467,Hymenaea verrucosa,0.002123717
TKW_2,TKW_2_469,Hymenaea verrucosa,0.110662601
TKW_2,TKW_2_47,Gymnosporia senegalensis,0.002827433
TKW_2,TKW_2_470,Hymenaea verrucosa,0.002290221
TKW_2,TKW_2_471,Hymenaea verrucosa,0.029186967
TKW_2,TKW_2_472,Hymenaea verrucosa,0.002827433
TKW_2,TKW_2_474,Hymenaea verrucosa,0.008011847
TKW_2,TKW_2_475,Hymenaea verrucosa,0.002290221
TKW_2,TKW_2_476,Hymenaea verrucosa,0.002206183
TKW_2,TKW_2_477,Gymnosporia senegalensis,0.008992024
TKW_2,TKW_2_478,Hymenaea verrucosa,0.002733971
TKW_2,TKW_2_480,Uvaria lucida,0.009129468
TKW_2,TKW_2_483,Hymenaea verrucosa,0.002922467
TKW_2,TKW_2_484,Grewia microcarpa,0.012468981
TKW_2,TKW_2_488,Hymenaea verrucosa,0.026015529
TKW_2,TKW_2_489,Gymnosporia senegalensis,0.003631681
TKW_2,TKW_2_49,Pteleopsis myrtifolia,0.010028749
TKW_2,TKW_2_492,Hymenaea verrucosa,0.051617938
TKW_2,TKW_2_493,Gymnosporia senegalensis,0.009503318
TKW_2,TKW_2_496,Hymenaea verrucosa,0.052685294
TKW_2,TKW_2_497,Gymnosporia senegalensis,0.008824734
TKW_2,TKW_2_498,Hymenaea verrucosa,0.002642079
TKW_2,TKW_2_499,Hymenaea verrucosa,0.008824734
TKW_2,TKW_2_50,Ekebergia capensis,0.06627818
TKW_2,TKW_2_501,Uvaria lucida,0.011925486
TKW_2,TKW_2_502,Hymenaea verrucosa,0.036643537
TKW_2,TKW_2_503,Hymenaea verrucosa,0.005674502
TKW_2,TKW_2_505,Suregada zanzibariensis,0.010751315
TKW_2,TKW_2_506,Uvaria lucida,0.008963749
TKW_2,TKW_2_507,Cremaspora triflora,0.003848451
TKW_2,TKW_2_508,Grewia microcarpa,0.011309734
TKW_2,TKW_2_51,Pteleopsis myrtifolia,0.004417865
TKW_2,TKW_2_512,Gymnosporia senegalensis,0.017882731
TKW_2,TKW_2_513,Ochna holstii,0.00490167
TKW_2,TKW_2_514,Hymenaea verrucosa,0.003739281
TKW_2,TKW_2_515,Hymenaea verrucosa,0.620716662
TKW_2,TKW_2_516,Hymenaea verrucosa,0.021124069
TKW_2,TKW_2_517,Gymnosporia senegalensis,0.002463009
TKW_2,TKW_2_518,Uvaria lucida,0.003525652
TKW_2,TKW_2_519,Suregada zanzibariensis,0.002123717
TKW_2,TKW_2_52,Gymnosporia senegalensis,0.007402378
TKW_2,TKW_2_524,Suregada zanzibariensis,0.003848451
TKW_2,TKW_2_525,Pteleopsis myrtifolia,0.002827433
TKW_2,TKW_2_526,Hymenaea verrucosa,0.013273229
TKW_2,TKW_2_528,Grewia microcarpa,0.003421194
TKW_2,TKW_2_53,Pteleopsis myrtifolia,0.003421194
TKW_2,TKW_2_530,Bridelia scleroneura,0.027464588
TKW_2,TKW_2_532,Gymnosporia senegalensis,0.014957123
TKW_2,TKW_2_533,Suregada zanzibariensis,0.008494867
TKW_2,TKW_2_534,Hymenaea verrucosa,0.001963495
TKW_2,TKW_2_535,Uvaria lucida,0.001963495
TKW_2,TKW_2_536,Suregada zanzibariensis,0.002206183
TKW_2,TKW_2_537,Suregada zanzibariensis,0.015104777
TKW_2,TKW_2_538,Grewia microcarpa,0.003739281
TKW_2,TKW_2_54,Grewia microcarpa,0.023105629
TKW_2,TKW_2_540,Ochna holstii,0.005944679
TKW_2,TKW_2_541,Suregada zanzibariensis,0.006361725
TKW_2,TKW_2_542,Uvaria lucida,0.013684778
TKW_2,TKW_2_543,Grewia microcarpa,0.019308228
TKW_2,TKW_2_545,Suregada zanzibariensis,0.034050152
TKW_2,TKW_2_547,Suregada zanzibariensis,0.005674502
TKW_2,TKW_2_548,Hymenaea verrucosa,0.004185387
TKW_2,TKW_2_549,Suregada zanzibariensis,0.003318307
TKW_2,TKW_2_55,Grewia microcarpa,0.002551759
TKW_2,TKW_2_554,Grewia microcarpa,0.016060607
TKW_2,TKW_2_555,Gymnosporia senegalensis,0.013273229
TKW_2,TKW_2_557,Hymenaea verrucosa,0.045616711
TKW_2,TKW_2_558,Suregada zanzibariensis,0.016744689
TKW_2,TKW_2_56,Grewia microcarpa,0.002551759
TKW_2,TKW_2_560,Suregada zanzibariensis,0.007489557
TKW_2,TKW_2_561,Gymnosporia senegalensis,0.003019071
TKW_2,TKW_2_562,Suregada zanzibariensis,0.002733971
TKW_2,TKW_2_563,Grewia microcarpa,0.007853982
TKW_2,TKW_2_565,Bridelia scleroneura,0.031415927
TKW_2,TKW_2_566,Uvaria lucida,0.009331316
TKW_2,TKW_2_567,Uvaria kirkii,0.005152997
TKW_2,TKW_2_569,Hymenaea verrucosa,0.061575216
TKW_2,TKW_2_570,Suregada zanzibariensis,0.00809667
TKW_2,TKW_2_571,Gymnosporia senegalensis,0.007697687
TKW_2,TKW_2_573,Suregada zanzibariensis,0.009160884
TKW_2,TKW_2_574,Hymenaea verrucosa,0.002375829
TKW_2,TKW_2_575,Hymenaea verrucosa,0.010751315
TKW_2,TKW_2_576,Hymenaea verrucosa,0.012271846
TKW_2,TKW_2_578,Gymnosporia senegalensis,0.007389811
TKW_2,TKW_2_579,Bridelia scleroneura,0.008824734
TKW_2,TKW_2_58,Gymnosporia senegalensis,0.002463009
TKW_2,TKW_2_580,Gymnosporia senegalensis,0.006082123
TKW_2,TKW_2_581,Gymnosporia senegalensis,0.009160884
TKW_2,TKW_2_582,Hymenaea verrucosa,0.096761839
TKW_2,TKW_2_583,Suregada zanzibariensis,0.00430084
TKW_2,TKW_2_584,Suregada zanzibariensis,0.002922467
TKW_2,TKW_2_586,Gymnosporia senegalensis,0.003019071
TKW_2,TKW_2_587,Grewia microcarpa,0.008184634
TKW_2,TKW_2_588,Suregada zanzibariensis,0.003117245
TKW_2,TKW_2_589,Suregada zanzibariensis,0.00430084
TKW_2,TKW_2_59,Pteleopsis myrtifolia,0.003117245
TKW_2,TKW_2_590,Suregada zanzibariensis,0.002123717
TKW_2,TKW_2_592,Uvaria kirkii,0.003216991
TKW_2,TKW_2_593,Suregada zanzibariensis,0.032365473
TKW_2,TKW_2_594,Hymenaea verrucosa,0.010568318
TKW_2,TKW_2_595,Gymnosporia senegalensis,0.008824734
TKW_2,TKW_2_596,Grewia microcarpa,0.003117245
TKW_2,TKW_2_597,Suregada zanzibariensis,0.004656626
TKW_2,TKW_2_598,Uvaria kirkii,0.023589434
TKW_2,TKW_2_599,Hymenaea verrucosa,0.066966189
TKW_2,TKW_2_6,Cremaspora triflora,0.007853982
TKW_2,TKW_2_60,Uvaria kirkii,0.008471305
TKW_2,TKW_2_600,Grewia microcarpa,0.003216991
TKW_2,TKW_2_602,Bridelia scleroneura,0.015614501
TKW_2,TKW_2_603,Combretum apiculatum,0.092401309
TKW_2,TKW_2_604,Hymenaea verrucosa,0.024052819
TKW_2,TKW_2_605,Hymenaea verrucosa,0.016512996
TKW_2,TKW_2_606,Gymnosporia senegalensis,0.009852035
TKW_2,TKW_2_607,Hymenaea verrucosa,0.14522012
TKW_2,TKW_2_609,Grewia microcarpa,0.030550418
TKW_2,TKW_2_61,Pteleopsis myrtifolia,0.002922467
TKW_2,TKW_2_612,Hymenaea verrucosa,0.091326884
TKW_2,TKW_2_613,Burkea africana,0.044862728
TKW_2,TKW_2_614,Margaritaria discoidea,0.005026548
TKW_2,TKW_2_615,Pteleopsis myrtifolia,0.002827433
TKW_2,TKW_2_616,Pteleopsis myrtifolia,0.002290221
TKW_2,TKW_2_617,Pteleopsis myrtifolia,0.002551759
TKW_2,TKW_2_618,Pteleopsis myrtifolia,0.002123717
TKW_2,TKW_2_619,Pteleopsis myrtifolia,0.002290221
TKW_2,TKW_2_62,Pteleopsis myrtifolia,0.008011847
TKW_2,TKW_2_620,Pteleopsis myrtifolia,0.002551759
TKW_2,TKW_2_624,Pteleopsis myrtifolia,0.017907864
TKW_2,TKW_2_625,Pteleopsis myrtifolia,0.031415927
TKW_2,TKW_2_626,Pteleopsis myrtifolia,0.007088218
TKW_2,TKW_2_628,Gymnosporia senegalensis,0.016611171
TKW_2,TKW_2_629,Gymnosporia senegalensis,0.00609469
TKW_2,TKW_2_63,Uvaria lucida,0.004656626
TKW_2,TKW_2_630,Gymnosporia senegalensis,0.002827433
TKW_2,TKW_2_632,Pteleopsis myrtifolia,0.010386891
TKW_2,TKW_2_633,Pteleopsis myrtifolia,0.002922467
TKW_2,TKW_2_636,Pseudolachnostylis maprouneifolia,0.003848451
TKW_2,TKW_2_639,Multidentia crassa,0.002642079
TKW_2,TKW_2_64,Gymnosporia senegalensis,0.005152997
TKW_2,TKW_2_640,Diospyros fischeri,0.008626813
TKW_2,TKW_2_641,Margaritaria discoidea,0.003959192
TKW_2,TKW_2_643,Pseudolachnostylis maprouneifolia,0.006221139
TKW_2,TKW_2_645,Multidentia crassa,0.00453646
TKW_2,TKW_2_647,Diplorhynchus condylocarpon,0.002551759
TKW_2,TKW_2_648,Pseudolachnostylis maprouneifolia,0.009503318
TKW_2,TKW_2_649,Pseudolachnostylis maprouneifolia,0.002123717
TKW_2,TKW_2_65,Grewia microcarpa,0.027529776
TKW_2,TKW_2_650,Gymnosporia senegalensis,0.003848451
TKW_2,TKW_2_651,Diplorhynchus condylocarpon,0.003019071
TKW_2,TKW_2_652,Diospyros fischeri,0.002827433
TKW_2,TKW_2_653,Diplorhynchus condylocarpon,0.002206183
TKW_2,TKW_2_654,Ochna holstii,0.002551759
TKW_2,TKW_2_655,Pteleopsis myrtifolia,0.161883128
TKW_2,TKW_2_656,Diospyros fischeri,0.00453646
TKW_2,TKW_2_657,Grewia microcarpa,0.003848451
TKW_2,TKW_2_658,Grewia microcarpa,0.003848451
TKW_2,TKW_2_659,Gymnosporia senegalensis,0.014741138
TKW_2,TKW_2_66,Pteleopsis myrtifolia,0.009331316
TKW_2,TKW_2_660,Grewia microcarpa,0.032259444
TKW_2,TKW_2_661,Suregada zanzibariensis,0.005674502
TKW_2,TKW_2_662,Suregada zanzibariensis,0.015393804
TKW_2,TKW_2_663,Hymenaea verrucosa,0.001809557
TKW_2,TKW_2_666,Grewia microcarpa,0.002551759
TKW_2,TKW_2_667,Gymnosporia senegalensis,0.004417865
TKW_2,TKW_2_668,Grewia microcarpa,0.015005817
TKW_2,TKW_2_67,Grewia microcarpa,0.016187842
TKW_2,TKW_2_670,Uvaria lucida,0.013302289
TKW_2,TKW_2_671,Hymenaea verrucosa,0.003019071
TKW_2,TKW_2_672,Hymenaea verrucosa,0.09390299
TKW_2,TKW_2_673,Bridelia scleroneura,0.01911345
TKW_2,TKW_2_674,Hymenaea verrucosa,0.020106193
TKW_2,TKW_2_675,Uvaria kirkii,0.003117245
TKW_2,TKW_2_676,Suregada zanzibariensis,0.012667687
TKW_2,TKW_2_677,Hymenaea verrucosa,0.030480517
TKW_2,TKW_2_678,Uvaria kirkii,0.004185387
TKW_2,TKW_2_679,Hymenaea verrucosa,0.078923876
TKW_2,TKW_2_68,Uvaria lucida,0.005944679
TKW_2,TKW_2_680,Uvaria lucida,0.015614501
TKW_2,TKW_2_681,Grewia microcarpa,0.007088218
TKW_2,TKW_2_683,Suregada zanzibariensis,0.016296226
TKW_2,TKW_2_684,Grewia microcarpa,0.011895641
TKW_2,TKW_2_686,Grewia microcarpa,0.007088218
TKW_2,TKW_2_687,Suregada zanzibariensis,0.013684778
TKW_2,TKW_2_688,Grewia microcarpa,0.005281017
TKW_2,TKW_2_689,Suregada zanzibariensis,0.002042821
TKW_2,TKW_2_69,Suregada zanzibariensis,0.008320508
TKW_2,TKW_2_690,Uvaria kirkii,0.005152997
TKW_2,TKW_2_691,Gymnosporia senegalensis,0.005410608
TKW_2,TKW_2_693,Suregada zanzibariensis,0.003117245
TKW_2,TKW_2_694,Gymnosporia senegalensis,0.013478218
TKW_2,TKW_2_695,Gymnosporia senegalensis,0.027724555
TKW_2,TKW_2_696,Uvaria kirkii,0.006939778
TKW_2,TKW_2_697,Uvaria lucida,0.003525652
TKW_2,TKW_2_699,Gymnosporia senegalensis,0.034165606
TKW_2,TKW_2_70,Grewia microcarpa,0.009331316
TKW_2,TKW_2_700,Suregada zanzibariensis,0.002463009
TKW_2,TKW_2_701,Hymenaea verrucosa,0.004778362
TKW_2,TKW_2_702,Vangueriopsis lanciflora,0.002375829
TKW_2,TKW_2_703,Suregada zanzibariensis,0.008824734
TKW_2,TKW_2_704,Suregada zanzibariensis,0.002827433
TKW_2,TKW_2_705,Suregada zanzibariensis,0.003525652
TKW_2,TKW_2_706,Grewia microcarpa,0.012338605
TKW_2,TKW_2_707,Grewia microcarpa,0.003117245
TKW_2,TKW_2_708,Suregada zanzibariensis,0.017035286
TKW_2,TKW_2_709,Suregada zanzibariensis,0.002733971
TKW_2,TKW_2_71,Uvaria lucida,0.007238229
TKW_2,TKW_2_710,Markhamia obtusifolia,0.016741547
TKW_2,TKW_2_712,Hymenaea verrucosa,0.002375829
TKW_2,TKW_2_714,Grewia microcarpa,0.003019071
TKW_2,TKW_2_715,Bobgunnia madagascariensis,0.002123717
TKW_2,TKW_2_717,Gymnosporia senegalensis,0.003318307
TKW_2,TKW_2_718,Gymnosporia senegalensis,0.009331316
TKW_2,TKW_2_719,Grewia microcarpa,0.002290221
TKW_2,TKW_2_720,Gymnosporia senegalensis,0.008659015
TKW_2,TKW_2_721,Suregada zanzibariensis,0.003959192
TKW_2,TKW_2_722,Grewia microcarpa,0.016827156
TKW_2,TKW_2_723,Gymnosporia senegalensis,0.002042821
TKW_2,TKW_2_724,Gymnosporia senegalensis,0.003739281
TKW_2,TKW_2_725,Gymnosporia senegalensis,0.005026548
TKW_2,TKW_2_727,Suregada zanzibariensis,0.009237853
TKW_2,TKW_2_728,Gymnosporia senegalensis,0.006361725
TKW_2,TKW_2_729,Gymnosporia senegalensis,0.006792909
TKW_2,TKW_2_73,Uvaria lucida,0.005944679
TKW_2,TKW_2_732,Gymnosporia senegalensis,0.008370774
TKW_2,TKW_2_733,Gymnosporia senegalensis,0.005944679
TKW_2,TKW_2_734,Hymenaea verrucosa,0.026015529
TKW_2,TKW_2_736,Suregada zanzibariensis,0.063356499
TKW_2,TKW_2_737,Suregada zanzibariensis,0.004656626
TKW_2,TKW_2_738,Hymenaea verrucosa,0.006082123
TKW_2,TKW_2_739,Grewia microcarpa,0.009676891
TKW_2,TKW_2_74,Gymnosporia senegalensis,0.016402255
TKW_2,TKW_2_740,Grewia microcarpa,0.003421194
TKW_2,TKW_2_741,Gymnosporia senegalensis,0.009503318
TKW_2,TKW_2_742,Vangueriopsis lanciflora,0.002206183
TKW_2,TKW_2_743,Gymnosporia senegalensis,0.005026548
TKW_2,TKW_2_744,Suregada zanzibariensis,0.008372344
TKW_2,TKW_2_745,Suregada zanzibariensis,0.007853982
TKW_2,TKW_2_746,Suregada zanzibariensis,0.00490167
TKW_2,TKW_2_747,Gymnosporia senegalensis,0.007853982
TKW_2,TKW_2_748,Suregada zanzibariensis,0.00453646
TKW_2,TKW_2_749,Gymnosporia senegalensis,0.005808805
TKW_2,TKW_2_750,Gymnosporia senegalensis,0.010207035
TKW_2,TKW_2_754,Suregada zanzibariensis,0.003318307
TKW_2,TKW_2_755,Hymenaea verrucosa,0.002123717
TKW_2,TKW_2_757,Gymnosporia senegalensis,0.007853982
TKW_2,TKW_2_758,Grewia microcarpa,0.006792909
TKW_2,TKW_2_76,Markhamia obtusifolia,0.007389811
TKW_2,TKW_2_760,Suregada zanzibariensis,0.003318307
TKW_2,TKW_2_761,Hymenaea verrucosa,0.004656626
TKW_2,TKW_2_762,Gymnosporia senegalensis,0.009352521
TKW_2,TKW_2_765,Gymnosporia senegalensis,0.003216991
TKW_2,TKW_2_767,Hymenaea verrucosa,0.013684778
TKW_2,TKW_2_77,Uvaria lucida,0.002375829
TKW_2,TKW_2_770,Gymnosporia senegalensis,0.009676891
TKW_2,TKW_2_771,Gymnosporia senegalensis,0.006082123
TKW_2,TKW_2_772,Hymenaea verrucosa,0.043743536
TKW_2,TKW_2_776,Hymenaea verrucosa,0.002375829
TKW_2,TKW_2_777,Gymnosporia senegalensis,0.016512996
TKW_2,TKW_2_779,Hymenaea verrucosa,0.002375829
TKW_2,TKW_2_78,Gymnosporia senegalensis,0.002206183
TKW_2,TKW_2_780,Hymenaea verrucosa,0.005281017
TKW_2,TKW_2_781,Suregada zanzibariensis,0.003739281
TKW_2,TKW_2_782,Gymnosporia senegalensis,0.021274865
TKW_2,TKW_2_783,Hymenaea verrucosa,0.003318307
TKW_2,TKW_2_784,Suregada zanzibariensis,0.002123717
TKW_2,TKW_2_785,Suregada zanzibariensis,0.005026548
TKW_2,TKW_2_786,Suregada zanzibariensis,0.00490167
TKW_2,TKW_2_787,Hymenaea verrucosa,0.00490167
TKW_2,TKW_2_788,Hymenaea verrucosa,0.003019071
TKW_2,TKW_2_789,Suregada zanzibariensis,0.00430084
TKW_2,TKW_2_79,Uvaria kirkii,0.007480132
TKW_2,TKW_2_790,Hymenaea verrucosa,0.003216991
TKW_2,TKW_2_791,Gymnosporia senegalensis,0.005808805
TKW_2,TKW_2_792,Cremaspora triflora,0.002123717
TKW_2,TKW_2_793,Hymenaea verrucosa,0.053618347
TKW_2,TKW_2_795,Suregada zanzibariensis,0.005152997
TKW_2,TKW_2_797,Hymenaea verrucosa,0.007389811
TKW_2,TKW_2_799,Gymnosporia senegalensis,0.008171282
TKW_2,TKW_2_8,Suregada zanzibariensis,0.006939778
TKW_2,TKW_2_80,Suregada zanzibariensis,0.003739281
TKW_2,TKW_2_800,Gymnosporia senegalensis,0.005808805
TKW_2,TKW_2_801,Gymnosporia senegalensis,0.00664761
TKW_2,TKW_2_802,Cordyla africana,0.004656626
TKW_2,TKW_2_803,Uvaria kirkii,0.007238229
TKW_2,TKW_2_804,Gymnosporia senegalensis,0.011309734
TKW_2,TKW_2_805,Hymenaea verrucosa,0.002463009
TKW_2,TKW_2_806,Gymnosporia senegalensis,0.003421194
TKW_2,TKW_2_807,Suregada zanzibariensis,0.003019071
TKW_2,TKW_2_808,Suregada zanzibariensis,0.00490167
TKW_2,TKW_2_81,Suregada zanzibariensis,0.005410608
TKW_2,TKW_2_810,Hymenaea verrucosa,0.002375829
TKW_2,TKW_2_811,Markhamia obtusifolia,0.00664761
TKW_2,TKW_2_812,Suregada zanzibariensis,0.001590431
TKW_2,TKW_2_813,Gymnosporia senegalensis,0.008496437
TKW_2,TKW_2_814,Uvaria kirkii,0.010386891
TKW_2,TKW_2_815,Uvaria kirkii,0.005410608
TKW_2,TKW_2_816,Suregada zanzibariensis,0.005026548
TKW_2,TKW_2_818,Gymnosporia senegalensis,0.002463009
TKW_2,TKW_2_819,Hymenaea verrucosa,0.010028749
TKW_2,TKW_2_82,Gymnosporia senegalensis,0.014313882
TKW_2,TKW_2_821,Gymnosporia senegalensis,0.004185387
TKW_2,TKW_2_822,Gymnosporia senegalensis,0.005674502
TKW_2,TKW_2_823,Grewia microcarpa,0.002290221
TKW_2,TKW_2_824,Commiphora africana,0.037325262
TKW_2,TKW_2_826,Grewia microcarpa,0.003421194
TKW_2,TKW_2_827,Gymnosporia senegalensis,0.004656626
TKW_2,TKW_2_828,Pteleopsis myrtifolia,0.002551759
TKW_2,TKW_2_829,Gymnosporia senegalensis,0.003216991
TKW_2,TKW_2_830,Hymenaea verrucosa,0.035968094
TKW_2,TKW_2_831,Hymenaea verrucosa,0.005026548
TKW_2,TKW_2_832,Uvaria lucida,0.006221139
TKW_2,TKW_2_834,Gymnosporia senegalensis,0.009676891
TKW_2,TKW_2_835,Hymenaea verrucosa,0.002922467
TKW_2,TKW_2_839,Neonotonia wightii,0.008659015
TKW_2,TKW_2_84,Gymnosporia senegalensis,0.012667687
TKW_2,TKW_2_840,Gymnosporia senegalensis,0.003117245
TKW_2,TKW_2_841,Uvaria lucida,0.003216991
TKW_2,TKW_2_844,Hymenaea verrucosa,0.002827433
TKW_2,TKW_2_845,Markhamia obtusifolia,0.004656626
TKW_2,TKW_2_846,Gymnosporia senegalensis,0.00490167
TKW_2,TKW_2_849,Markhamia obtusifolia,0.002463009
TKW_2,TKW_2_850,Suregada zanzibariensis,0.002123717
TKW_2,TKW_2_851,Gymnosporia senegalensis,0.025340086
TKW_2,TKW_2_852,Hymenaea verrucosa,0.004417865
TKW_2,TKW_2_853,Gymnosporia senegalensis,0.00490167
TKW_2,TKW_2_854,Suregada zanzibariensis,0.005674502
TKW_2,TKW_2_855,Suregada zanzibariensis,0.019855651
TKW_2,TKW_2_857,Suregada zanzibariensis,0.006361725
TKW_2,TKW_2_86,Hymenaea verrucosa,0.023235219
TKW_2,TKW_2_861,Hymenaea verrucosa,0.120072457
TKW_2,TKW_2_865,Gymnosporia senegalensis,0.007238229
TKW_2,TKW_2_866,Grewia microcarpa,0.018423085
TKW_2,TKW_2_867,Gymnosporia senegalensis,0.005541769
TKW_2,TKW_2_868,Gymnosporia senegalensis,0.009160884
TKW_2,TKW_2_869,Gymnosporia senegalensis,0.010547112
TKW_2,TKW_2_870,Gymnosporia senegalensis,0.002123717
TKW_2,TKW_2_871,Gymnosporia senegalensis,0.002206183
TKW_2,TKW_2_872,Gymnosporia senegalensis,0.002827433
TKW_2,TKW_2_873,Ochna holstii,0.00490167
TKW_2,TKW_2_874,Markhamia obtusifolia,0.002042821
TKW_2,TKW_2_875,Gymnosporia senegalensis,0.002551759
TKW_2,TKW_2_876,Gymnosporia senegalensis,0.006361725
TKW_2,TKW_2_877,Ochna holstii,0.004185387
TKW_2,TKW_2_878,Gymnosporia senegalensis,0.002206183
TKW_2,TKW_2_880,Ochna holstii,0.003525652
TKW_2,TKW_2_881,Diplorhynchus condylocarpon,0.002922467
TKW_2,TKW_2_882,Diplorhynchus condylocarpon,0.012036227
TKW_2,TKW_2_883,Gymnosporia senegalensis,0.002463009
TKW_2,TKW_2_884,Ochna holstii,0.003631681
TKW_2,TKW_2_885,Diplorhynchus condylocarpon,0.002123717
TKW_2,TKW_2_886,Markhamia obtusifolia,0.003525652
TKW_2,TKW_2_887,Gymnosporia senegalensis,0.004417865
TKW_2,TKW_2_888,Margaritaria discoidea,0.002042821
TKW_2,TKW_2_889,Gymnosporia senegalensis,0.002375829
TKW_2,TKW_2_89,Suregada zanzibariensis,0.01911345
TKW_2,TKW_2_890,Margaritaria discoidea,0.002375829
TKW_2,TKW_2_891,Margaritaria discoidea,0.003318307
TKW_2,TKW_2_892,Margaritaria discoidea,0.002827433
TKW_2,TKW_2_893,Pteleopsis myrtifolia,0.037568736
TKW_2,TKW_2_896,Pteleopsis myrtifolia,0.278050585
TKW_2,TKW_2_897,Pseudolachnostylis maprouneifolia,0.003848451
TKW_2,TKW_2_899,Combretum apiculatum,0.002463009
TKW_2,TKW_2_90,Vangueriopsis lanciflora,0.002551759
TKW_2,TKW_2_900,Pteleopsis myrtifolia,0.092401309
TKW_2,TKW_2_901,Pseudolachnostylis maprouneifolia,0.006361725
TKW_2,TKW_2_902,Diospyros fischeri,0.035994798
TKW_2,TKW_2_903,Pseudolachnostylis maprouneifolia,0.009676891
TKW_2,TKW_2_904,Diospyros fischeri,0.018837775
TKW_2,TKW_2_905,Diospyros mespiliformis,0.012867964
TKW_2,TKW_2_908,Pseudolachnostylis maprouneifolia,0.006503882
TKW_2,TKW_2_91,Suregada zanzibariensis,0.017913361
TKW_2,TKW_2_910,Pseudolachnostylis maprouneifolia,0.009852035
TKW_2,TKW_2_913,Grewia microcarpa,0.021133494
TKW_2,TKW_2_914,Bridelia scleroneura,0.011122023
TKW_2,TKW_2_915,Markhamia obtusifolia,0.003019071
TKW_2,TKW_2_916,Hymenaea verrucosa,0.003848451
TKW_2,TKW_2_920,Suregada zanzibariensis,0.003117245
TKW_2,TKW_2_921,Gymnosporia senegalensis,0.005674502
TKW_2,TKW_2_925,Grewia microcarpa,0.010606802
TKW_2,TKW_2_926,Pteleopsis myrtifolia,0.00430084
TKW_2,TKW_2_927,Gymnosporia senegalensis,0.007088218
TKW_2,TKW_2_928,Gymnosporia senegalensis,0.003739281
TKW_2,TKW_2_929,Gymnosporia senegalensis,0.002551759
TKW_2,TKW_2_93,Hymenaea verrucosa,0.026302199
TKW_2,TKW_2_930,Gymnosporia senegalensis,0.002642079
TKW_2,TKW_2_931,Gymnosporia senegalensis,0.002463009
TKW_2,TKW_2_932,Gymnosporia senegalensis,0.007542964
TKW_2,TKW_2_933,Suregada zanzibariensis,0.002551759
TKW_2,TKW_2_934,Uvaria lucida,0.005281017
TKW_2,TKW_2_936,Suregada zanzibariensis,0.004656626
TKW_2,TKW_2_939,Grewia microcarpa,0.00453646
TKW_2,TKW_2_94,Uvaria kirkii,0.006082123
TKW_2,TKW_2_941,Gymnosporia senegalensis,0.002922467
TKW_2,TKW_2_942,Grewia microcarpa,0.004656626
TKW_2,TKW_2_945,Hymenaea verrucosa,0.043373614
TKW_2,TKW_2_948,Suregada zanzibariensis,0.008288307
TKW_2,TKW_2_949,Grewia microcarpa,0.006792909
TKW_2,TKW_2_950,Suregada zanzibariensis,0.011122023
TKW_2,TKW_2_951,Hymenaea verrucosa,0.011689866
TKW_2,TKW_2_952,Hymenaea verrucosa,0.007853982
TKW_2,TKW_2_953,Suregada zanzibariensis,0.01077959
TKW_2,TKW_2_954,Suregada zanzibariensis,0.02143273
TKW_2,TKW_2_955,Suregada zanzibariensis,0.012315043
TKW_2,TKW_2_956,Uvaria lucida,0.004071504
TKW_2,TKW_2_957,Hymenaea verrucosa,0.039760782
TKW_2,TKW_2_958,Suregada zanzibariensis,0.005281017
TKW_2,TKW_2_959,Hymenaea verrucosa,0.036643537
TKW_2,TKW_2_960,Suregada zanzibariensis,0.004656626
TKW_2,TKW_2_961,Suregada zanzibariensis,0.00453646
TKW_2,TKW_2_964,Suregada zanzibariensis,0.017138173
TKW_2,TKW_2_966,Hymenaea verrucosa,0.031102553
TKW_2,TKW_2_967,Hymenaea verrucosa,0.007088218
TKW_2,TKW_2_97,Hymenaea verrucosa,0.016286016
TKW_2,TKW_2_970,Suregada zanzibariensis,0.006221139
TKW_2,TKW_2_971,Suregada zanzibariensis,0.006221139
TKW_2,TKW_2_972,Suregada zanzibariensis,0.011882289
TKW_2,TKW_2_973,Suregada zanzibariensis,0.005944679
TKW_2,TKW_2_974,Diospyros mespiliformis,0.007088218
TKW_2,TKW_2_976,Gymnosporia senegalensis,0.006221139
TKW_2,TKW_2_977,Gymnosporia senegalensis,0.003216991
TKW_2,TKW_2_979,Hymenaea verrucosa,0.003525652
TKW_2,TKW_2_98,Hymenaea verrucosa,0.047529155
TKW_2,TKW_2_981,Suregada zanzibariensis,0.015222587
TKW_2,TKW_2_982,Hymenaea verrucosa,0.009852035
TKW_2,TKW_2_985,Cremaspora triflora,0.003848451
TKW_2,TKW_2_986,Hymenaea verrucosa,0.0254469
TKW_2,TKW_2_988,Hymenaea verrucosa,0.011122023
TKW_2,TKW_2_989,Uvaria lucida,0.002733971
TKW_2,TKW_2_990,Hymenaea verrucosa,0.022431757
TKW_2,TKW_2_991,Hymenaea verrucosa,0.006082123
TKW_2,TKW_2_992,Hymenaea verrucosa,0.041547563
TKW_2,TKW_2_993,Hymenaea verrucosa,0.05853494
TKW_2,TKW_2_994,Hymenaea verrucosa,0.003739281
TKW_2,TKW_2_996,Sclerocarya birrea,0.125663706
TKW_2,TKW_2_997,Gymnosporia senegalensis,0.005674502
TKW_2,TKW_2_998,Grewia microcarpa,0.005944679
TKW_2,TKW_2_999,Hymenaea verrucosa,0.003739281
